{
    "0": [
        "0 0",
        [
            "0_0.avi",
            "0_1.avi",
            "0_2.avi",
            "0_3.avi",
            "0_4.avi",
            "0_5.avi"
        ],
        "0_4.jpg"
    ],
    "2": [
        "1 1",
        [
            "2_0.avi",
            "2_1.avi",
            "2_2.avi"
        ],
        "2_28.jpg"
    ],
    "3": [
        "1 1",
        [
            "3_0.avi",
            "3_1.avi",
            "3_2.avi",
            "3_3.avi",
            "3_4.avi"
        ],
        "3_46.jpg"
    ],
    "4": [
        "0 0",
        [
            "4_0.avi",
            "4_1.avi",
            "4_2.avi",
            "4_4.avi",
            "4_5.avi",
            "4_6.avi",
            "4_7.avi"
        ],
        "4_14.jpg"
    ],
    "5": [
        "0 1",
        [
            "5_0.avi",
            "5_1.avi"
        ],
        "5_8.jpg"
    ],
    "6": [
        "0 0",
        [
            "6_0.avi"
        ],
        "6_2.jpg"
    ],
    "7": [
        "0 1",
        [
            "7_0.avi",
            "7_1.avi",
            "7_2.avi",
            "7_3.avi"
        ],
        "7_22.jpg"
    ],
    "8": [
        "0 1",
        [
            "8_0.avi",
            "8_1.avi",
            "8_2.avi",
            "8_3.avi",
            "8_4.avi",
            "8_5.avi"
        ],
        "8_30.jpg"
    ],
    "9": [
        "0 0",
        [
            "9_0.avi",
            "9_1.avi",
            "9_2.avi",
            "9_3.avi",
            "9_4.avi",
            "9_5.avi",
            "9_6.avi",
            "9_7.avi",
            "9_8.avi",
            "9_9.avi"
        ],
        "9_20.jpg"
    ],
    "10": [
        "0 0",
        [
            "10_0.avi",
            "10_1.avi",
            "10_2.avi",
            "10_3.avi"
        ],
        "10_54.jpg"
    ],
    "11": [
        "1 1",
        [
            "11_2.avi",
            "11_3.avi",
            "11_4.avi",
            "11_5.avi",
            "11_6.avi",
            "11_7.avi",
            "11_8.avi"
        ],
        "11_17.jpg"
    ],
    "12": [
        "1 0",
        [
            "12_0.avi",
            "12_1.avi",
            "12_2.avi"
        ],
        "12_22.jpg"
    ],
    "13": [
        "0 0",
        [
            "13_0.avi",
            "13_1.avi",
            "13_2.avi",
            "13_3.avi",
            "13_4.avi"
        ],
        "13_96.jpg"
    ],
    "14": [
        "2 2",
        [
            "14_0.avi",
            "14_1.avi",
            "14_2.avi"
        ],
        "14_13.jpg"
    ],
    "15": [
        "1 1",
        [
            "15_0.avi",
            "15_1.avi"
        ],
        "15_2.jpg"
    ],
    "16": [
        "1 1",
        [
            "16_0.avi",
            "16_1.avi",
            "16_2.avi",
            "16_3.avi"
        ],
        "16_108.jpg"
    ],
    "17": [
        "2 2",
        [
            "17_0.avi",
            "17_1.avi",
            "17_2.avi",
            "17_3.avi"
        ],
        "17_23.jpg"
    ],
    "18": [
        "0 0",
        [
            "18_0.avi",
            "18_1.avi",
            "18_2.avi"
        ],
        "18_5.jpg"
    ],
    "19": [
        "2 2",
        [
            "19_0.avi",
            "19_1.avi",
            "19_2.avi"
        ],
        "19_1.jpg"
    ],
    "20": [
        "1 1",
        [
            "20_0.avi",
            "20_1.avi",
            "20_2.avi"
        ],
        "20_11.jpg"
    ],
    "21": [
        "0 0",
        [
            "21_0.avi",
            "21_1.avi",
            "21_2.avi",
            "21_3.avi"
        ],
        "21_52.jpg"
    ],
    "22": [
        "1 1",
        [
            "22_0.avi",
            "22_1.avi",
            "22_2.avi",
            "22_3.avi"
        ],
        "22_14.jpg"
    ],
    "23": [
        "1 1",
        [
            "23_0.avi",
            "23_1.avi",
            "23_2.avi",
            "23_3.avi"
        ],
        "23_40.jpg"
    ],
    "24": [
        "0 0",
        [
            "24_0.avi",
            "24_1.avi",
            "24_2.avi",
            "24_3.avi",
            "24_4.avi"
        ],
        "24_15.jpg"
    ],
    "25": [
        "1 1",
        [
            "25_0.avi",
            "25_1.avi",
            "25_2.avi",
            "25_3.avi",
            "25_4.avi",
            "25_5.avi"
        ],
        "25_15.jpg"
    ],
    "26": [
        "0 0",
        [
            "26_0.avi",
            "26_1.avi",
            "26_2.avi",
            "26_3.avi",
            "26_4.avi"
        ],
        "26_1.jpg"
    ],
    "27": [
        "1 1",
        [
            "27_0.avi",
            "27_1.avi",
            "27_2.avi",
            "27_3.avi"
        ],
        "27_24.jpg"
    ],
    "29": [
        "0 0",
        [
            "29_0.avi",
            "29_1.avi",
            "29_2.avi",
            "29_3.avi",
            "29_4.avi"
        ],
        "29_1.jpg"
    ],
    "30": [
        "0 0",
        [
            "30_0.avi",
            "30_1.avi",
            "30_2.avi",
            "30_3.avi",
            "30_4.avi"
        ],
        "30_24.jpg"
    ],
    "31": [
        "0 0",
        [
            "31_0.avi",
            "31_1.avi",
            "31_2.avi",
            "31_3.avi",
            "31_4.avi"
        ],
        "31_16.jpg"
    ],
    "32": [
        "0 0",
        [
            "32_0.avi",
            "32_1.avi",
            "32_2.avi",
            "32_3.avi",
            "32_4.avi"
        ],
        "32_25.jpg"
    ],
    "33": [
        "1 1",
        [
            "33_0.avi",
            "33_1.avi",
            "33_2.avi",
            "33_3.avi"
        ],
        "33_6.jpg"
    ],
    "34": [
        "0 0",
        [
            "34_0.avi",
            "34_1.avi",
            "34_2.avi",
            "34_3.avi",
            "34_4.avi"
        ],
        "34_32.jpg"
    ],
    "35": [
        "2 2",
        [
            "35_0.avi",
            "35_1.avi",
            "35_2.avi",
            "35_3.avi",
            "35_4.avi"
        ],
        "35_2.jpg"
    ],
    "36": [
        "1 1",
        [
            "36_0.avi",
            "36_1.avi",
            "36_2.avi",
            "36_3.avi",
            "36_4.avi",
            "36_5.avi"
        ],
        "36_6.jpg"
    ],
    "37": [
        "1 1",
        [
            "37_0.avi",
            "37_1.avi",
            "37_2.avi",
            "37_6.avi"
        ],
        "37_5.jpg"
    ],
    "38": [
        "0 0",
        [
            "38_2.avi",
            "38_3.avi",
            "38_4.avi",
            "38_5.avi",
            "38_6.avi",
            "38_7.avi",
            "38_8.avi"
        ],
        "38_33.jpg"
    ],
    "39": [
        "1 1",
        [
            "39_0.avi",
            "39_1.avi",
            "39_2.avi",
            "39_3.avi"
        ],
        "39_34.jpg"
    ],
    "40": [
        "1 1",
        [
            "40_0.avi",
            "40_1.avi",
            "40_2.avi",
            "40_3.avi",
            "40_4.avi"
        ],
        "40_0.jpg"
    ],
    "41": [
        "2 2",
        [
            "41_0.avi",
            "41_1.avi",
            "41_2.avi",
            "41_3.avi"
        ],
        "41_17.jpg"
    ],
    "42": [
        "0 0",
        [
            "42_0.avi",
            "42_1.avi",
            "42_10.avi",
            "42_2.avi",
            "42_3.avi",
            "42_4.avi",
            "42_5.avi",
            "42_6.avi",
            "42_7.avi",
            "42_8.avi",
            "42_9.avi"
        ],
        "42_7.jpg"
    ],
    "43": [
        "1 1",
        [
            "43_0.avi",
            "43_1.avi",
            "43_2.avi",
            "43_3.avi"
        ],
        "43_11.jpg"
    ],
    "44": [
        "1 1",
        [
            "44_1.avi",
            "44_2.avi",
            "44_3.avi",
            "44_4.avi",
            "44_5.avi",
            "44_6.avi",
            "44_7.avi",
            "44_8.avi"
        ],
        "44_14.jpg"
    ],
    "45": [
        "0 0",
        [
            "45_0.avi",
            "45_1.avi",
            "45_2.avi",
            "45_3.avi",
            "45_5.avi"
        ],
        "45_2.jpg"
    ],
    "46": [
        "0 0",
        [
            "46_0.avi",
            "46_1.avi",
            "46_2.avi"
        ],
        "46_45.jpg"
    ],
    "47": [
        "0 0",
        [
            "47_0.avi",
            "47_1.avi",
            "47_2.avi",
            "47_3.avi"
        ],
        "47_8.jpg"
    ],
    "48": [
        "1 1",
        [
            "48_0.avi"
        ],
        "48_2.jpg"
    ],
    "49": [
        "1 0",
        [
            "49_0.avi",
            "49_1.avi",
            "49_2.avi",
            "49_3.avi"
        ],
        "49_11.jpg"
    ],
    "50": [
        "1 1",
        [
            "50_0.avi",
            "50_1.avi",
            "50_2.avi",
            "50_3.avi",
            "50_4.avi",
            "50_5.avi",
            "50_6.avi",
            "50_7.avi"
        ],
        "50_15.jpg"
    ],
    "51": [
        "0 0",
        [
            "51_0.avi",
            "51_1.avi",
            "51_2.avi",
            "51_3.avi"
        ],
        "51_20.jpg"
    ],
    "52": [
        "1 1",
        [
            "52_0.avi",
            "52_1.avi",
            "52_2.avi",
            "52_3.avi"
        ],
        "52_11.jpg"
    ],
    "53": [
        "0 0",
        [
            "53_0.avi",
            "53_1.avi",
            "53_10.avi",
            "53_2.avi",
            "53_3.avi",
            "53_4.avi",
            "53_5.avi",
            "53_6.avi",
            "53_7.avi",
            "53_8.avi",
            "53_9.avi"
        ],
        "53_54.jpg"
    ],
    "54": [
        "1 1",
        [
            "54_0.avi",
            "54_1.avi"
        ],
        "54_40.jpg"
    ],
    "55": [
        "1 1",
        [
            "55_0.avi",
            "55_1.avi",
            "55_10.avi",
            "55_11.avi",
            "55_2.avi",
            "55_3.avi",
            "55_4.avi",
            "55_5.avi",
            "55_6.avi",
            "55_7.avi",
            "55_8.avi",
            "55_9.avi"
        ],
        "55_65.jpg"
    ],
    "56": [
        "0 0",
        [
            "56_0.avi",
            "56_1.avi",
            "56_2.avi",
            "56_3.avi"
        ],
        "56_25.jpg"
    ],
    "57": [
        "1 0",
        [
            "57_0.avi",
            "57_1.avi",
            "57_2.avi",
            "57_3.avi",
            "57_4.avi",
            "57_5.avi"
        ],
        "57_25.jpg"
    ],
    "58": [
        "0 0",
        [
            "58_1.avi",
            "58_2.avi",
            "58_3.avi",
            "58_4.avi",
            "58_5.avi",
            "58_6.avi",
            "58_7.avi",
            "58_8.avi",
            "58_9.avi"
        ],
        "58_22.jpg"
    ],
    "59": [
        "1 1",
        [
            "59_0.avi",
            "59_1.avi",
            "59_2.avi",
            "59_3.avi",
            "59_4.avi",
            "59_5.avi",
            "59_6.avi",
            "59_7.avi",
            "59_8.avi"
        ],
        "59_126.jpg"
    ],
    "60": [
        "0 0",
        [
            "60_0.avi",
            "60_1.avi"
        ],
        "60_19.jpg"
    ],
    "61": [
        "0 0",
        [
            "61_1.avi"
        ],
        "61_0.jpg"
    ],
    "62": [
        "0 0",
        [
            "62_0.avi",
            "62_1.avi",
            "62_2.avi",
            "62_3.avi",
            "62_4.avi"
        ],
        "62_82.jpg"
    ],
    "63": [
        "1 0",
        [
            "63_0.avi",
            "63_1.avi",
            "63_2.avi",
            "63_3.avi",
            "63_4.avi"
        ],
        "63_3.jpg"
    ],
    "66": [
        "0 0",
        [
            "66_0.avi",
            "66_1.avi",
            "66_2.avi",
            "66_3.avi"
        ],
        "66_20.jpg"
    ],
    "67": [
        "1 1",
        [
            "67_0.avi",
            "67_1.avi",
            "67_2.avi",
            "67_3.avi",
            "67_4.avi"
        ],
        "67_18.jpg"
    ],
    "68": [
        "1 1",
        [
            "68_0.avi",
            "68_1.avi",
            "68_2.avi",
            "68_3.avi",
            "68_4.avi",
            "68_5.avi",
            "68_6.avi",
            "68_7.avi"
        ],
        "68_73.jpg"
    ],
    "69": [
        "1 1",
        [
            "69_0.avi",
            "69_1.avi",
            "69_2.avi",
            "69_5.avi",
            "69_6.avi"
        ],
        "69_6.jpg"
    ],
    "70": [
        "0 1",
        [
            "70_0.avi",
            "70_1.avi",
            "70_2.avi"
        ],
        "70_38.jpg"
    ],
    "71": [
        "2 2",
        [
            "71_0.avi",
            "71_1.avi"
        ],
        "71_0.jpg"
    ],
    "72": [
        "0 1",
        [
            "72_0.avi",
            "72_1.avi",
            "72_2.avi",
            "72_3.avi",
            "72_4.avi",
            "72_5.avi"
        ],
        "72_10.jpg"
    ],
    "73": [
        "1 0",
        [
            "73_0.avi",
            "73_1.avi",
            "73_2.avi",
            "73_3.avi"
        ],
        "73_40.jpg"
    ],
    "74": [
        "1 1",
        [
            "74_0.avi",
            "74_1.avi",
            "74_2.avi",
            "74_3.avi",
            "74_4.avi",
            "74_5.avi"
        ],
        "74_3.jpg"
    ],
    "75": [
        "0 0",
        [
            "75_0.avi",
            "75_1.avi",
            "75_2.avi",
            "75_3.avi"
        ],
        "75_24.jpg"
    ],
    "76": [
        "1 1",
        [
            "76_0.avi",
            "76_1.avi",
            "76_2.avi",
            "76_3.avi",
            "76_4.avi",
            "76_5.avi",
            "76_6.avi",
            "76_7.avi",
            "76_8.avi"
        ],
        "76_27.jpg"
    ],
    "77": [
        "0 0",
        [
            "77_0.avi",
            "77_1.avi",
            "77_2.avi",
            "77_3.avi",
            "77_4.avi"
        ],
        "77_23.jpg"
    ],
    "78": [
        "1 1",
        [
            "78_0.avi",
            "78_1.avi",
            "78_2.avi",
            "78_3.avi",
            "78_4.avi",
            "78_5.avi",
            "78_6.avi",
            "78_7.avi"
        ],
        "78_37.jpg"
    ],
    "79": [
        "1 1",
        [
            "79_0.avi",
            "79_1.avi",
            "79_2.avi",
            "79_3.avi",
            "79_4.avi",
            "79_5.avi",
            "79_6.avi",
            "79_7.avi",
            "79_8.avi"
        ],
        "79_40.jpg"
    ],
    "80": [
        "1 1",
        [
            "80_0.avi",
            "80_1.avi",
            "80_2.avi",
            "80_3.avi",
            "80_4.avi"
        ],
        "80_5.jpg"
    ],
    "81": [
        "0 1",
        [
            "81_0.avi",
            "81_1.avi",
            "81_2.avi",
            "81_3.avi"
        ],
        "81_0.jpg"
    ],
    "82": [
        "0 0",
        [
            "82_0.avi",
            "82_1.avi",
            "82_2.avi",
            "82_3.avi",
            "82_4.avi",
            "82_5.avi"
        ],
        "82_9.jpg"
    ],
    "83": [
        "1 1",
        [
            "83_0.avi",
            "83_1.avi",
            "83_2.avi",
            "83_3.avi",
            "83_4.avi"
        ],
        "83_17.jpg"
    ],
    "84": [
        "0 0",
        [
            "84_0.avi",
            "84_1.avi",
            "84_3.avi"
        ],
        "84_15.jpg"
    ],
    "86": [
        "1 1",
        [
            "86_0.avi",
            "86_1.avi",
            "86_2.avi"
        ],
        "86_15.jpg"
    ],
    "87": [
        "1 1",
        [
            "87_0.avi",
            "87_1.avi",
            "87_2.avi",
            "87_3.avi",
            "87_4.avi",
            "87_5.avi",
            "87_6.avi",
            "87_7.avi"
        ],
        "87_33.jpg"
    ],
    "88": [
        "1 1",
        [
            "88_0.avi",
            "88_1.avi",
            "88_2.avi",
            "88_3.avi",
            "88_4.avi",
            "88_5.avi",
            "88_6.avi",
            "88_7.avi"
        ],
        "88_9.jpg"
    ],
    "89": [
        "0 0",
        [
            "89_0.avi",
            "89_1.avi",
            "89_2.avi",
            "89_3.avi"
        ],
        "89_9.jpg"
    ],
    "90": [
        "1 1",
        [
            "90_0.avi",
            "90_1.avi",
            "90_2.avi",
            "90_3.avi",
            "90_4.avi"
        ],
        "90_72.jpg"
    ],
    "91": [
        "1 0",
        [
            "91_0.avi",
            "91_1.avi",
            "91_2.avi",
            "91_3.avi"
        ],
        "91_24.jpg"
    ],
    "92": [
        "0 1",
        [
            "92_0.avi",
            "92_1.avi",
            "92_2.avi",
            "92_3.avi",
            "92_4.avi"
        ],
        "92_14.jpg"
    ],
    "94": [
        "1 1",
        [
            "94_0.avi",
            "94_1.avi",
            "94_2.avi",
            "94_3.avi",
            "94_4.avi",
            "94_5.avi",
            "94_6.avi",
            "94_7.avi",
            "94_8.avi"
        ],
        "94_23.jpg"
    ],
    "95": [
        "1 1",
        [
            "95_0.avi",
            "95_1.avi",
            "95_2.avi",
            "95_3.avi",
            "95_4.avi"
        ],
        "95_29.jpg"
    ],
    "96": [
        "0 0",
        [
            "96_0.avi",
            "96_1.avi",
            "96_2.avi",
            "96_3.avi",
            "96_4.avi",
            "96_5.avi"
        ],
        "96_20.jpg"
    ],
    "97": [
        "1 1",
        [
            "97_0.avi",
            "97_1.avi",
            "97_2.avi",
            "97_3.avi",
            "97_4.avi",
            "97_5.avi",
            "97_6.avi",
            "97_7.avi",
            "97_8.avi",
            "97_9.avi"
        ],
        "97_1.jpg"
    ],
    "98": [
        "1 1",
        [
            "98_0.avi",
            "98_1.avi",
            "98_2.avi",
            "98_3.avi",
            "98_4.avi",
            "98_5.avi",
            "98_6.avi",
            "98_7.avi"
        ],
        "98_1.jpg"
    ],
    "99": [
        "0 1",
        [
            "99_0.avi",
            "99_1.avi",
            "99_10.avi",
            "99_11.avi",
            "99_2.avi",
            "99_3.avi",
            "99_4.avi",
            "99_5.avi",
            "99_6.avi",
            "99_7.avi",
            "99_8.avi",
            "99_9.avi"
        ],
        "99_42.jpg"
    ],
    "100": [
        "0 0",
        [
            "100_0.avi",
            "100_1.avi",
            "100_2.avi",
            "100_3.avi"
        ],
        "100_5.jpg"
    ],
    "101": [
        "0 0",
        [
            "101_0.avi",
            "101_1.avi",
            "101_2.avi",
            "101_3.avi"
        ],
        "101_10.jpg"
    ],
    "103": [
        "1 1",
        [
            "103_0.avi",
            "103_1.avi",
            "103_2.avi",
            "103_3.avi",
            "103_4.avi",
            "103_5.avi",
            "103_6.avi",
            "103_7.avi",
            "103_8.avi",
            "103_9.avi"
        ],
        "103_44.jpg"
    ],
    "104": [
        "1 0",
        [
            "104_0.avi",
            "104_1.avi",
            "104_10.avi",
            "104_2.avi",
            "104_3.avi",
            "104_4.avi",
            "104_5.avi",
            "104_6.avi",
            "104_7.avi",
            "104_8.avi",
            "104_9.avi"
        ],
        "104_6.jpg"
    ],
    "105": [
        "1 1",
        [
            "105_0.avi",
            "105_1.avi",
            "105_2.avi",
            "105_3.avi",
            "105_4.avi"
        ],
        "105_38.jpg"
    ],
    "106": [
        "2 2",
        [
            "106_0.avi",
            "106_1.avi",
            "106_2.avi",
            "106_3.avi",
            "106_4.avi",
            "106_5.avi",
            "106_6.avi"
        ],
        "106_14.jpg"
    ],
    "107": [
        "0 0",
        [
            "107_0.avi",
            "107_1.avi",
            "107_2.avi",
            "107_3.avi",
            "107_4.avi",
            "107_5.avi"
        ],
        "107_35.jpg"
    ],
    "108": [
        "0 0",
        [
            "108_0.avi",
            "108_1.avi",
            "108_2.avi",
            "108_3.avi"
        ],
        "108_6.jpg"
    ],
    "109": [
        "0 1",
        [
            "109_0.avi",
            "109_1.avi",
            "109_2.avi"
        ],
        "109_1.jpg"
    ],
    "110": [
        "1 0",
        [
            "110_0.avi",
            "110_1.avi",
            "110_2.avi",
            "110_3.avi",
            "110_4.avi",
            "110_5.avi"
        ],
        "110_6.jpg"
    ],
    "111": [
        "0 0",
        [
            "111_0.avi",
            "111_1.avi",
            "111_2.avi",
            "111_3.avi",
            "111_4.avi"
        ],
        "111_10.jpg"
    ],
    "112": [
        "2 2",
        [
            "112_0.avi",
            "112_1.avi",
            "112_2.avi",
            "112_3.avi",
            "112_4.avi"
        ],
        "112_1.jpg"
    ],
    "113": [
        "0 1",
        [
            "113_2.avi",
            "113_3.avi",
            "113_4.avi",
            "113_5.avi",
            "113_6.avi",
            "113_7.avi",
            "113_8.avi"
        ],
        "113_2.jpg"
    ],
    "114": [
        "0 1",
        [
            "114_0.avi",
            "114_1.avi",
            "114_2.avi",
            "114_3.avi",
            "114_4.avi"
        ],
        "114_16.jpg"
    ],
    "115": [
        "0 0",
        [
            "115_0.avi",
            "115_1.avi"
        ],
        "115_3.jpg"
    ],
    "116": [
        "1 1",
        [
            "116_0.avi",
            "116_1.avi"
        ],
        "116_12.jpg"
    ],
    "118": [
        "0 1",
        [
            "118_0.avi",
            "118_1.avi",
            "118_2.avi",
            "118_3.avi",
            "118_4.avi",
            "118_5.avi",
            "118_6.avi"
        ],
        "118_34.jpg"
    ],
    "119": [
        "1 1",
        [
            "119_0.avi",
            "119_1.avi",
            "119_2.avi",
            "119_3.avi",
            "119_4.avi",
            "119_5.avi"
        ],
        "119_27.jpg"
    ],
    "120": [
        "1 1",
        [
            "120_0.avi",
            "120_1.avi",
            "120_2.avi",
            "120_3.avi",
            "120_4.avi"
        ],
        "120_34.jpg"
    ],
    "121": [
        "1 1",
        [
            "121_0.avi",
            "121_1.avi",
            "121_10.avi",
            "121_11.avi",
            "121_12.avi",
            "121_13.avi",
            "121_2.avi",
            "121_3.avi",
            "121_4.avi",
            "121_5.avi",
            "121_6.avi",
            "121_7.avi",
            "121_8.avi",
            "121_9.avi"
        ],
        "121_134.jpg"
    ],
    "122": [
        "0 0",
        [
            "122_0.avi",
            "122_1.avi",
            "122_2.avi",
            "122_3.avi",
            "122_4.avi",
            "122_5.avi"
        ],
        "122_1.jpg"
    ],
    "123": [
        "0 1",
        [
            "123_0.avi",
            "123_1.avi",
            "123_2.avi",
            "123_3.avi"
        ],
        "123_15.jpg"
    ],
    "124": [
        "1 0",
        [
            "124_1.avi",
            "124_2.avi",
            "124_3.avi",
            "124_4.avi",
            "124_5.avi"
        ],
        "124_20.jpg"
    ],
    "125": [
        "0 0",
        [
            "125_0.avi",
            "125_1.avi",
            "125_2.avi",
            "125_3.avi"
        ],
        "125_37.jpg"
    ],
    "126": [
        "1 1",
        [
            "126_0.avi",
            "126_1.avi"
        ],
        "126_13.jpg"
    ],
    "127": [
        "0 0",
        [
            "127_0.avi",
            "127_1.avi"
        ],
        "127_13.jpg"
    ],
    "128": [
        "0 0",
        [
            "128_0.avi"
        ],
        "128_8.jpg"
    ],
    "129": [
        "0 0",
        [
            "129_0.avi",
            "129_1.avi",
            "129_2.avi",
            "129_3.avi",
            "129_4.avi"
        ],
        "129_4.jpg"
    ],
    "131": [
        "2 2",
        [
            "131_0.avi",
            "131_1.avi"
        ],
        "131_21.jpg"
    ],
    "132": [
        "1 1",
        [
            "132_0.avi",
            "132_1.avi",
            "132_2.avi",
            "132_3.avi",
            "132_4.avi",
            "132_5.avi"
        ],
        "132_75.jpg"
    ],
    "133": [
        "1 1",
        [
            "133_0.avi",
            "133_1.avi",
            "133_10.avi",
            "133_11.avi",
            "133_12.avi",
            "133_2.avi",
            "133_3.avi",
            "133_4.avi",
            "133_5.avi",
            "133_6.avi",
            "133_7.avi",
            "133_8.avi",
            "133_9.avi"
        ],
        "133_0.jpg"
    ],
    "134": [
        "1 1",
        [
            "134_0.avi",
            "134_1.avi",
            "134_2.avi"
        ],
        "134_0.jpg"
    ],
    "135": [
        "0 0",
        [
            "135_0.avi",
            "135_1.avi",
            "135_2.avi",
            "135_3.avi",
            "135_4.avi",
            "135_5.avi",
            "135_6.avi",
            "135_7.avi"
        ],
        "135_12.jpg"
    ],
    "136": [
        "1 0",
        [
            "136_0.avi",
            "136_1.avi",
            "136_2.avi"
        ],
        "136_2.jpg"
    ],
    "137": [
        "1 1",
        [
            "137_0.avi",
            "137_1.avi",
            "137_2.avi",
            "137_3.avi"
        ],
        "137_28.jpg"
    ],
    "138": [
        "0 0",
        [
            "138_0.avi",
            "138_1.avi",
            "138_2.avi",
            "138_3.avi",
            "138_4.avi"
        ],
        "138_13.jpg"
    ],
    "139": [
        "1 1",
        [
            "139_0.avi",
            "139_1.avi",
            "139_2.avi"
        ],
        "139_8.jpg"
    ],
    "140": [
        "1 1",
        [
            "140_0.avi",
            "140_1.avi",
            "140_2.avi",
            "140_3.avi",
            "140_4.avi",
            "140_5.avi"
        ],
        "140_21.jpg"
    ],
    "141": [
        "2 2",
        [
            "141_0.avi",
            "141_1.avi",
            "141_2.avi",
            "141_3.avi",
            "141_4.avi"
        ],
        "141_7.jpg"
    ],
    "142": [
        "1 0",
        [
            "142_0.avi",
            "142_1.avi",
            "142_2.avi",
            "142_3.avi",
            "142_4.avi",
            "142_5.avi"
        ],
        "142_57.jpg"
    ],
    "143": [
        "0 0",
        [
            "143_0.avi",
            "143_1.avi",
            "143_2.avi"
        ],
        "143_4.jpg"
    ],
    "144": [
        "0 1",
        [
            "144_0.avi",
            "144_1.avi",
            "144_2.avi",
            "144_3.avi"
        ],
        "144_11.jpg"
    ],
    "145": [
        "1 1",
        [
            "145_1.avi",
            "145_2.avi",
            "145_3.avi",
            "145_4.avi",
            "145_5.avi",
            "145_6.avi",
            "145_7.avi"
        ],
        "145_8.jpg"
    ],
    "146": [
        "0 0",
        [
            "146_0.avi",
            "146_1.avi",
            "146_2.avi"
        ],
        "146_2.jpg"
    ],
    "147": [
        "0 0",
        [
            "147_0.avi",
            "147_1.avi",
            "147_2.avi",
            "147_3.avi",
            "147_4.avi"
        ],
        "147_13.jpg"
    ],
    "149": [
        "1 1",
        [
            "149_0.avi",
            "149_1.avi",
            "149_2.avi",
            "149_3.avi"
        ],
        "149_15.jpg"
    ],
    "150": [
        "0 1",
        [
            "150_0.avi",
            "150_1.avi",
            "150_2.avi",
            "150_3.avi",
            "150_4.avi",
            "150_5.avi",
            "150_6.avi"
        ],
        "150_32.jpg"
    ],
    "151": [
        "1 1",
        [
            "151_0.avi",
            "151_1.avi"
        ],
        "151_17.jpg"
    ],
    "152": [
        "0 0",
        [
            "152_0.avi",
            "152_1.avi",
            "152_2.avi"
        ],
        "152_22.jpg"
    ],
    "153": [
        "1 1",
        [
            "153_0.avi",
            "153_1.avi",
            "153_2.avi",
            "153_3.avi",
            "153_4.avi",
            "153_5.avi",
            "153_6.avi"
        ],
        "153_12.jpg"
    ],
    "154": [
        "0 0",
        [
            "154_0.avi",
            "154_1.avi",
            "154_2.avi"
        ],
        "154_6.jpg"
    ],
    "155": [
        "0 0",
        [
            "155_0.avi",
            "155_1.avi",
            "155_2.avi"
        ],
        "155_0.jpg"
    ],
    "156": [
        "0 0",
        [
            "156_0.avi",
            "156_1.avi",
            "156_2.avi",
            "156_3.avi",
            "156_4.avi",
            "156_5.avi",
            "156_6.avi",
            "156_7.avi"
        ],
        "156_28.jpg"
    ],
    "157": [
        "1 0",
        [
            "157_0.avi",
            "157_1.avi",
            "157_2.avi",
            "157_3.avi"
        ],
        "157_11.jpg"
    ],
    "158": [
        "1 1",
        [
            "158_0.avi",
            "158_1.avi",
            "158_2.avi",
            "158_3.avi"
        ],
        "158_33.jpg"
    ],
    "159": [
        "0 0",
        [
            "159_0.avi",
            "159_1.avi"
        ],
        "159_13.jpg"
    ],
    "160": [
        "0 0",
        [
            "160_0.avi",
            "160_1.avi",
            "160_2.avi"
        ],
        "160_13.jpg"
    ],
    "161": [
        "0 0",
        [
            "161_1.avi",
            "161_2.avi",
            "161_3.avi",
            "161_4.avi",
            "161_5.avi",
            "161_6.avi"
        ],
        "161_19.jpg"
    ],
    "162": [
        "1 1",
        [
            "162_0.avi",
            "162_1.avi",
            "162_2.avi",
            "162_3.avi",
            "162_4.avi",
            "162_5.avi",
            "162_6.avi"
        ],
        "162_11.jpg"
    ],
    "163": [
        "1 1",
        [
            "163_0.avi",
            "163_1.avi",
            "163_10.avi",
            "163_11.avi",
            "163_12.avi",
            "163_2.avi",
            "163_3.avi",
            "163_4.avi",
            "163_5.avi",
            "163_6.avi",
            "163_7.avi",
            "163_8.avi",
            "163_9.avi"
        ],
        "163_44.jpg"
    ],
    "164": [
        "0 0",
        [
            "164_0.avi",
            "164_1.avi",
            "164_2.avi",
            "164_3.avi",
            "164_4.avi",
            "164_5.avi",
            "164_6.avi"
        ],
        "164_59.jpg"
    ],
    "166": [
        "0 0",
        [
            "166_0.avi",
            "166_2.avi",
            "166_3.avi",
            "166_4.avi",
            "166_5.avi",
            "166_6.avi"
        ],
        "166_17.jpg"
    ],
    "168": [
        "1 1",
        [
            "168_0.avi",
            "168_1.avi",
            "168_2.avi",
            "168_3.avi"
        ],
        "168_30.jpg"
    ],
    "169": [
        "0 0",
        [
            "169_0.avi",
            "169_1.avi",
            "169_2.avi",
            "169_3.avi",
            "169_4.avi"
        ],
        "169_39.jpg"
    ],
    "171": [
        "1 1",
        [
            "171_0.avi",
            "171_1.avi",
            "171_2.avi",
            "171_3.avi",
            "171_4.avi",
            "171_5.avi",
            "171_6.avi"
        ],
        "171_80.jpg"
    ],
    "172": [
        "1 1",
        [
            "172_0.avi",
            "172_1.avi",
            "172_2.avi"
        ],
        "172_5.jpg"
    ],
    "173": [
        "1 1",
        [
            "173_0.avi",
            "173_1.avi",
            "173_2.avi",
            "173_3.avi",
            "173_4.avi",
            "173_5.avi",
            "173_6.avi",
            "173_7.avi"
        ],
        "173_15.jpg"
    ],
    "174": [
        "0 0",
        [
            "174_0.avi",
            "174_1.avi",
            "174_2.avi",
            "174_3.avi",
            "174_4.avi",
            "174_5.avi"
        ],
        "174_50.jpg"
    ],
    "175": [
        "0 1",
        [
            "175_0.avi",
            "175_1.avi",
            "175_2.avi",
            "175_3.avi",
            "175_4.avi"
        ],
        "175_30.jpg"
    ],
    "176": [
        "2 2",
        [
            "176_0.avi",
            "176_1.avi",
            "176_2.avi",
            "176_3.avi"
        ],
        "176_10.jpg"
    ],
    "178": [
        "1 1",
        [
            "178_0.avi",
            "178_1.avi",
            "178_2.avi",
            "178_3.avi"
        ],
        "178_33.jpg"
    ],
    "179": [
        "2 2",
        [
            "179_0.avi",
            "179_1.avi",
            "179_2.avi",
            "179_3.avi",
            "179_4.avi",
            "179_5.avi"
        ],
        "179_10.jpg"
    ],
    "180": [
        "2 2",
        [
            "180_0.avi",
            "180_1.avi",
            "180_2.avi"
        ],
        "180_15.jpg"
    ],
    "181": [
        "0 0",
        [
            "181_0.avi",
            "181_1.avi",
            "181_2.avi",
            "181_3.avi",
            "181_4.avi"
        ],
        "181_10.jpg"
    ],
    "182": [
        "1 1",
        [
            "182_0.avi",
            "182_1.avi",
            "182_2.avi",
            "182_3.avi",
            "182_4.avi",
            "182_5.avi"
        ],
        "182_16.jpg"
    ],
    "183": [
        "0 1",
        [
            "183_0.avi",
            "183_1.avi",
            "183_2.avi",
            "183_3.avi",
            "183_4.avi",
            "183_5.avi"
        ],
        "183_52.jpg"
    ],
    "185": [
        "1 1",
        [
            "185_0.avi",
            "185_1.avi",
            "185_2.avi",
            "185_3.avi",
            "185_4.avi",
            "185_5.avi",
            "185_6.avi"
        ],
        "185_36.jpg"
    ],
    "186": [
        "2 2",
        [
            "186_0.avi",
            "186_1.avi",
            "186_2.avi",
            "186_3.avi"
        ],
        "186_31.jpg"
    ],
    "187": [
        "0 0",
        [
            "187_0.avi",
            "187_1.avi",
            "187_2.avi",
            "187_3.avi"
        ],
        "187_40.jpg"
    ],
    "188": [
        "1 1",
        [
            "188_1.avi",
            "188_2.avi",
            "188_3.avi",
            "188_4.avi",
            "188_5.avi",
            "188_6.avi"
        ],
        "188_38.jpg"
    ],
    "189": [
        "0 0",
        [
            "189_0.avi",
            "189_1.avi",
            "189_2.avi",
            "189_3.avi",
            "189_4.avi",
            "189_5.avi",
            "189_6.avi",
            "189_7.avi",
            "189_8.avi",
            "189_9.avi"
        ],
        "189_58.jpg"
    ],
    "190": [
        "0 0",
        [
            "190_0.avi",
            "190_1.avi",
            "190_2.avi",
            "190_3.avi"
        ],
        "190_20.jpg"
    ],
    "191": [
        "1 1",
        [
            "191_0.avi",
            "191_1.avi",
            "191_2.avi",
            "191_3.avi",
            "191_4.avi"
        ],
        "191_0.jpg"
    ],
    "194": [
        "1 1",
        [
            "194_1.avi",
            "194_10.avi",
            "194_2.avi",
            "194_3.avi",
            "194_4.avi",
            "194_5.avi",
            "194_6.avi",
            "194_7.avi",
            "194_8.avi",
            "194_9.avi"
        ],
        "194_37.jpg"
    ],
    "195": [
        "1 1",
        [
            "195_0.avi",
            "195_1.avi",
            "195_2.avi",
            "195_3.avi"
        ],
        "195_9.jpg"
    ],
    "196": [
        "0 0",
        [
            "196_0.avi",
            "196_1.avi",
            "196_2.avi",
            "196_3.avi",
            "196_4.avi",
            "196_5.avi",
            "196_6.avi"
        ],
        "196_6.jpg"
    ],
    "197": [
        "0 0",
        [
            "197_0.avi",
            "197_1.avi",
            "197_2.avi",
            "197_3.avi"
        ],
        "197_12.jpg"
    ],
    "198": [
        "1 0",
        [
            "198_1.avi",
            "198_2.avi",
            "198_3.avi",
            "198_4.avi",
            "198_5.avi",
            "198_6.avi",
            "198_7.avi",
            "198_8.avi",
            "198_9.avi"
        ],
        "198_19.jpg"
    ],
    "199": [
        "0 0",
        [
            "199_0.avi",
            "199_1.avi",
            "199_2.avi",
            "199_3.avi",
            "199_4.avi",
            "199_5.avi"
        ],
        "199_62.jpg"
    ],
    "200": [
        "0 0",
        [
            "200_0.avi",
            "200_1.avi",
            "200_2.avi"
        ],
        "200_14.jpg"
    ],
    "201": [
        "1 1",
        [
            "201_1.avi",
            "201_2.avi",
            "201_3.avi",
            "201_4.avi",
            "201_5.avi",
            "201_6.avi",
            "201_7.avi"
        ],
        "201_3.jpg"
    ],
    "202": [
        "1 1",
        [
            "202_0.avi",
            "202_1.avi",
            "202_2.avi",
            "202_3.avi",
            "202_5.avi"
        ],
        "202_22.jpg"
    ],
    "203": [
        "0 0",
        [
            "203_0.avi",
            "203_1.avi",
            "203_2.avi",
            "203_3.avi"
        ],
        "203_7.jpg"
    ],
    "204": [
        "0 0",
        [
            "204_0.avi",
            "204_1.avi",
            "204_2.avi",
            "204_3.avi"
        ],
        "204_23.jpg"
    ],
    "206": [
        "0 0",
        [
            "206_0.avi",
            "206_1.avi",
            "206_2.avi",
            "206_3.avi"
        ],
        "206_6.jpg"
    ],
    "208": [
        "1 1",
        [
            "208_0.avi",
            "208_1.avi",
            "208_2.avi",
            "208_3.avi",
            "208_4.avi"
        ],
        "208_13.jpg"
    ],
    "209": [
        "1 1",
        [
            "209_0.avi",
            "209_1.avi",
            "209_2.avi"
        ],
        "209_13.jpg"
    ],
    "210": [
        "1 0",
        [
            "210_0.avi",
            "210_1.avi",
            "210_2.avi",
            "210_3.avi"
        ],
        "210_16.jpg"
    ],
    "211": [
        "1 1",
        [
            "211_0.avi",
            "211_1.avi",
            "211_10.avi",
            "211_2.avi",
            "211_3.avi",
            "211_4.avi",
            "211_5.avi",
            "211_6.avi",
            "211_7.avi",
            "211_8.avi",
            "211_9.avi"
        ],
        "211_13.jpg"
    ],
    "212": [
        "0 1",
        [
            "212_0.avi",
            "212_1.avi",
            "212_2.avi",
            "212_3.avi",
            "212_4.avi",
            "212_5.avi",
            "212_6.avi"
        ],
        "212_6.jpg"
    ],
    "213": [
        "0 0",
        [
            "213_0.avi",
            "213_1.avi",
            "213_2.avi",
            "213_3.avi",
            "213_4.avi",
            "213_5.avi",
            "213_6.avi"
        ],
        "213_3.jpg"
    ],
    "214": [
        "0 0",
        [
            "214_0.avi",
            "214_1.avi",
            "214_2.avi",
            "214_3.avi",
            "214_4.avi"
        ],
        "214_10.jpg"
    ],
    "215": [
        "0 1",
        [
            "215_0.avi",
            "215_1.avi",
            "215_10.avi",
            "215_11.avi",
            "215_2.avi",
            "215_3.avi",
            "215_4.avi",
            "215_5.avi",
            "215_6.avi",
            "215_7.avi",
            "215_8.avi",
            "215_9.avi"
        ],
        "215_22.jpg"
    ],
    "216": [
        "1 1",
        [
            "216_0.avi",
            "216_1.avi",
            "216_2.avi",
            "216_3.avi",
            "216_4.avi",
            "216_5.avi",
            "216_6.avi",
            "216_7.avi",
            "216_8.avi",
            "216_9.avi"
        ],
        "216_108.jpg"
    ],
    "217": [
        "1 0",
        [
            "217_0.avi",
            "217_1.avi",
            "217_2.avi",
            "217_3.avi",
            "217_4.avi",
            "217_5.avi",
            "217_6.avi",
            "217_7.avi",
            "217_8.avi"
        ],
        "217_32.jpg"
    ],
    "218": [
        "0 0",
        [
            "218_0.avi",
            "218_1.avi",
            "218_2.avi",
            "218_3.avi",
            "218_4.avi"
        ],
        "218_22.jpg"
    ],
    "219": [
        "0 0",
        [
            "219_0.avi",
            "219_1.avi",
            "219_2.avi",
            "219_3.avi",
            "219_4.avi",
            "219_5.avi"
        ],
        "219_14.jpg"
    ],
    "220": [
        "0 1",
        [
            "220_0.avi",
            "220_1.avi",
            "220_2.avi",
            "220_3.avi",
            "220_4.avi",
            "220_5.avi"
        ],
        "220_11.jpg"
    ],
    "221": [
        "2 2",
        [
            "221_0.avi",
            "221_1.avi",
            "221_2.avi",
            "221_3.avi",
            "221_4.avi"
        ],
        "221_27.jpg"
    ],
    "222": [
        "2 2",
        [
            "222_0.avi",
            "222_1.avi"
        ],
        "222_1.jpg"
    ],
    "223": [
        "0 0",
        [
            "223_0.avi",
            "223_1.avi",
            "223_2.avi",
            "223_3.avi",
            "223_4.avi",
            "223_5.avi",
            "223_6.avi",
            "223_7.avi"
        ],
        "223_73.jpg"
    ],
    "224": [
        "1 1",
        [
            "224_0.avi",
            "224_1.avi",
            "224_2.avi",
            "224_3.avi"
        ],
        "224_27.jpg"
    ],
    "225": [
        "2 2",
        [
            "225_0.avi",
            "225_1.avi"
        ],
        "225_12.jpg"
    ],
    "226": [
        "2 2",
        [
            "226_0.avi",
            "226_1.avi",
            "226_3.avi",
            "226_4.avi"
        ],
        "226_12.jpg"
    ],
    "227": [
        "0 0",
        [
            "227_0.avi",
            "227_1.avi"
        ],
        "227_3.jpg"
    ],
    "228": [
        "0 0",
        [
            "228_0.avi",
            "228_1.avi",
            "228_2.avi",
            "228_3.avi"
        ],
        "228_25.jpg"
    ],
    "229": [
        "1 1",
        [
            "229_0.avi",
            "229_1.avi",
            "229_2.avi",
            "229_3.avi",
            "229_4.avi",
            "229_5.avi",
            "229_6.avi"
        ],
        "229_10.jpg"
    ],
    "230": [
        "1 1",
        [
            "230_0.avi",
            "230_1.avi",
            "230_2.avi"
        ],
        "230_1.jpg"
    ],
    "231": [
        "0 0",
        [
            "231_0.avi",
            "231_1.avi",
            "231_2.avi"
        ],
        "231_1.jpg"
    ],
    "233": [
        "1 1",
        [
            "233_0.avi",
            "233_1.avi",
            "233_10.avi",
            "233_11.avi",
            "233_12.avi",
            "233_13.avi",
            "233_14.avi",
            "233_15.avi",
            "233_16.avi",
            "233_17.avi",
            "233_18.avi",
            "233_2.avi",
            "233_3.avi",
            "233_4.avi",
            "233_5.avi",
            "233_6.avi",
            "233_7.avi",
            "233_8.avi",
            "233_9.avi"
        ],
        "233_10.jpg"
    ],
    "234": [
        "0 1",
        [
            "234_0.avi",
            "234_1.avi",
            "234_10.avi",
            "234_11.avi",
            "234_12.avi",
            "234_13.avi",
            "234_2.avi",
            "234_3.avi",
            "234_4.avi",
            "234_5.avi",
            "234_6.avi",
            "234_7.avi",
            "234_8.avi",
            "234_9.avi"
        ],
        "234_18.jpg"
    ],
    "235": [
        "0 0",
        [
            "235_0.avi",
            "235_1.avi",
            "235_2.avi",
            "235_3.avi"
        ],
        "235_14.jpg"
    ],
    "236": [
        "2 2",
        [
            "236_0.avi",
            "236_1.avi",
            "236_2.avi"
        ],
        "236_5.jpg"
    ],
    "237": [
        "1 1",
        [
            "237_0.avi",
            "237_1.avi",
            "237_2.avi",
            "237_3.avi",
            "237_4.avi"
        ],
        "237_66.jpg"
    ],
    "239": [
        "1 1",
        [
            "239_2.avi",
            "239_3.avi",
            "239_4.avi",
            "239_5.avi",
            "239_6.avi",
            "239_7.avi"
        ],
        "239_27.jpg"
    ],
    "240": [
        "1 0",
        [
            "240_0.avi",
            "240_1.avi",
            "240_2.avi",
            "240_3.avi"
        ],
        "240_12.jpg"
    ],
    "241": [
        "1 1",
        [
            "241_0.avi",
            "241_1.avi",
            "241_2.avi",
            "241_3.avi",
            "241_4.avi",
            "241_5.avi",
            "241_6.avi",
            "241_7.avi"
        ],
        "241_12.jpg"
    ],
    "242": [
        "0 1",
        [
            "242_0.avi",
            "242_1.avi",
            "242_2.avi",
            "242_3.avi"
        ],
        "242_25.jpg"
    ],
    "243": [
        "0 0",
        [
            "243_0.avi",
            "243_1.avi",
            "243_2.avi",
            "243_3.avi"
        ],
        "243_65.jpg"
    ],
    "244": [
        "1 1",
        [
            "244_0.avi",
            "244_1.avi",
            "244_2.avi"
        ],
        "244_31.jpg"
    ],
    "245": [
        "0 0",
        [
            "245_0.avi",
            "245_1.avi",
            "245_2.avi",
            "245_3.avi",
            "245_4.avi",
            "245_5.avi",
            "245_7.avi",
            "245_8.avi"
        ],
        "245_32.jpg"
    ],
    "247": [
        "1 0",
        [
            "247_0.avi",
            "247_1.avi",
            "247_2.avi"
        ],
        "247_25.jpg"
    ],
    "248": [
        "1 1",
        [
            "248_0.avi",
            "248_1.avi",
            "248_2.avi",
            "248_3.avi"
        ],
        "248_34.jpg"
    ],
    "249": [
        "1 0",
        [
            "249_0.avi",
            "249_1.avi",
            "249_2.avi",
            "249_3.avi",
            "249_4.avi",
            "249_5.avi"
        ],
        "249_14.jpg"
    ],
    "250": [
        "0 0",
        [
            "250_0.avi",
            "250_1.avi",
            "250_2.avi",
            "250_3.avi",
            "250_4.avi",
            "250_5.avi"
        ],
        "250_6.jpg"
    ],
    "251": [
        "0 0",
        [
            "251_0.avi",
            "251_1.avi",
            "251_2.avi",
            "251_3.avi"
        ],
        "251_30.jpg"
    ],
    "252": [
        "0 0",
        [
            "252_0.avi",
            "252_1.avi",
            "252_2.avi",
            "252_3.avi",
            "252_4.avi"
        ],
        "252_28.jpg"
    ],
    "253": [
        "2 2",
        [
            "253_0.avi",
            "253_1.avi",
            "253_2.avi"
        ],
        "253_13.jpg"
    ],
    "254": [
        "0 0",
        [
            "254_0.avi",
            "254_1.avi",
            "254_2.avi",
            "254_3.avi",
            "254_4.avi"
        ],
        "254_17.jpg"
    ],
    "255": [
        "1 1",
        [
            "255_0.avi",
            "255_1.avi",
            "255_2.avi",
            "255_3.avi",
            "255_4.avi",
            "255_5.avi",
            "255_6.avi"
        ],
        "255_73.jpg"
    ],
    "256": [
        "2 2",
        [
            "256_0.avi",
            "256_1.avi"
        ],
        "256_22.jpg"
    ],
    "257": [
        "0 0",
        [
            "257_0.avi",
            "257_1.avi",
            "257_2.avi",
            "257_3.avi",
            "257_4.avi",
            "257_5.avi"
        ],
        "257_12.jpg"
    ],
    "259": [
        "2 2",
        [
            "259_1.avi",
            "259_2.avi",
            "259_3.avi",
            "259_4.avi",
            "259_5.avi"
        ],
        "259_7.jpg"
    ],
    "261": [
        "2 2",
        [
            "261_0.avi",
            "261_1.avi",
            "261_2.avi",
            "261_3.avi",
            "261_4.avi",
            "261_5.avi",
            "261_6.avi",
            "261_7.avi",
            "261_8.avi"
        ],
        "261_70.jpg"
    ],
    "262": [
        "0 0",
        [
            "262_0.avi",
            "262_1.avi",
            "262_2.avi"
        ],
        "262_6.jpg"
    ],
    "263": [
        "0 0",
        [
            "263_0.avi",
            "263_1.avi",
            "263_2.avi",
            "263_3.avi"
        ],
        "263_5.jpg"
    ],
    "264": [
        "1 1",
        [
            "264_0.avi",
            "264_1.avi",
            "264_2.avi"
        ],
        "264_2.jpg"
    ],
    "265": [
        "0 1",
        [
            "265_0.avi",
            "265_1.avi",
            "265_2.avi",
            "265_3.avi",
            "265_4.avi"
        ],
        "265_27.jpg"
    ],
    "266": [
        "0 0",
        [
            "266_1.avi",
            "266_2.avi",
            "266_3.avi",
            "266_4.avi",
            "266_5.avi"
        ],
        "266_5.jpg"
    ],
    "267": [
        "1 1",
        [
            "267_0.avi",
            "267_1.avi",
            "267_2.avi",
            "267_3.avi"
        ],
        "267_22.jpg"
    ],
    "268": [
        "1 1",
        [
            "268_0.avi",
            "268_1.avi",
            "268_2.avi",
            "268_3.avi"
        ],
        "268_52.jpg"
    ],
    "270": [
        "0 0",
        [
            "270_0.avi",
            "270_1.avi",
            "270_2.avi",
            "270_3.avi"
        ],
        "270_14.jpg"
    ],
    "271": [
        "0 1",
        [
            "271_0.avi",
            "271_1.avi",
            "271_2.avi",
            "271_3.avi",
            "271_4.avi"
        ],
        "271_7.jpg"
    ],
    "272": [
        "0 0",
        [
            "272_0.avi",
            "272_1.avi",
            "272_2.avi"
        ],
        "272_18.jpg"
    ],
    "273": [
        "1 1",
        [
            "273_0.avi",
            "273_1.avi",
            "273_2.avi",
            "273_3.avi",
            "273_4.avi"
        ],
        "273_9.jpg"
    ],
    "274": [
        "0 0",
        [
            "274_0.avi",
            "274_1.avi",
            "274_2.avi",
            "274_3.avi",
            "274_4.avi",
            "274_5.avi"
        ],
        "274_12.jpg"
    ],
    "275": [
        "0 0",
        [
            "275_0.avi",
            "275_1.avi",
            "275_2.avi",
            "275_3.avi",
            "275_4.avi",
            "275_5.avi"
        ],
        "275_2.jpg"
    ],
    "277": [
        "1 1",
        [
            "277_0.avi",
            "277_1.avi",
            "277_10.avi",
            "277_12.avi",
            "277_13.avi",
            "277_14.avi",
            "277_15.avi",
            "277_2.avi",
            "277_3.avi",
            "277_4.avi",
            "277_5.avi",
            "277_6.avi",
            "277_7.avi",
            "277_8.avi",
            "277_9.avi"
        ],
        "277_17.jpg"
    ],
    "278": [
        "1 1",
        [
            "278_0.avi",
            "278_1.avi",
            "278_2.avi",
            "278_3.avi",
            "278_4.avi",
            "278_5.avi"
        ],
        "278_2.jpg"
    ],
    "279": [
        "1 1",
        [
            "279_0.avi",
            "279_1.avi",
            "279_2.avi",
            "279_3.avi"
        ],
        "279_19.jpg"
    ],
    "281": [
        "0 0",
        [
            "281_0.avi",
            "281_1.avi",
            "281_2.avi"
        ],
        "281_13.jpg"
    ],
    "282": [
        "2 2",
        [
            "282_0.avi",
            "282_1.avi",
            "282_2.avi",
            "282_3.avi"
        ],
        "282_8.jpg"
    ],
    "283": [
        "0 1",
        [
            "283_0.avi",
            "283_1.avi",
            "283_2.avi",
            "283_3.avi",
            "283_4.avi",
            "283_5.avi"
        ],
        "283_12.jpg"
    ],
    "284": [
        "1 1",
        [
            "284_0.avi",
            "284_1.avi",
            "284_2.avi",
            "284_3.avi",
            "284_4.avi",
            "284_5.avi",
            "284_6.avi",
            "284_7.avi"
        ],
        "284_28.jpg"
    ],
    "285": [
        "1 1",
        [
            "285_0.avi",
            "285_1.avi",
            "285_2.avi",
            "285_3.avi",
            "285_4.avi"
        ],
        "285_19.jpg"
    ],
    "286": [
        "2 2",
        [
            "286_0.avi",
            "286_1.avi"
        ],
        "286_3.jpg"
    ],
    "287": [
        "2 2",
        [
            "287_0.avi",
            "287_1.avi",
            "287_2.avi",
            "287_3.avi",
            "287_4.avi"
        ],
        "287_42.jpg"
    ],
    "289": [
        "0 0",
        [
            "289_0.avi",
            "289_1.avi",
            "289_2.avi",
            "289_3.avi",
            "289_4.avi",
            "289_5.avi",
            "289_6.avi",
            "289_7.avi"
        ],
        "289_2.jpg"
    ],
    "290": [
        "0 0",
        [
            "290_0.avi",
            "290_1.avi",
            "290_2.avi",
            "290_3.avi",
            "290_4.avi",
            "290_5.avi"
        ],
        "290_9.jpg"
    ],
    "291": [
        "1 1",
        [
            "291_0.avi",
            "291_1.avi",
            "291_2.avi",
            "291_3.avi",
            "291_4.avi"
        ],
        "291_17.jpg"
    ],
    "292": [
        "1 1",
        [
            "292_0.avi",
            "292_1.avi",
            "292_2.avi",
            "292_3.avi",
            "292_4.avi",
            "292_5.avi"
        ],
        "292_2.jpg"
    ],
    "293": [
        "1 1",
        [
            "293_0.avi",
            "293_1.avi",
            "293_2.avi",
            "293_3.avi",
            "293_4.avi",
            "293_5.avi"
        ],
        "293_38.jpg"
    ],
    "294": [
        "1 1",
        [
            "294_0.avi",
            "294_1.avi",
            "294_2.avi",
            "294_3.avi",
            "294_4.avi",
            "294_5.avi",
            "294_6.avi",
            "294_7.avi"
        ],
        "294_24.jpg"
    ],
    "295": [
        "1 1",
        [
            "295_0.avi",
            "295_1.avi",
            "295_2.avi",
            "295_3.avi",
            "295_4.avi",
            "295_5.avi",
            "295_6.avi",
            "295_7.avi"
        ],
        "295_26.jpg"
    ],
    "296": [
        "0 0",
        [
            "296_0.avi",
            "296_1.avi",
            "296_2.avi",
            "296_3.avi"
        ],
        "296_15.jpg"
    ],
    "297": [
        "0 0",
        [
            "297_0.avi",
            "297_1.avi",
            "297_2.avi"
        ],
        "297_11.jpg"
    ],
    "298": [
        "0 1",
        [
            "298_0.avi",
            "298_1.avi",
            "298_2.avi",
            "298_3.avi",
            "298_4.avi"
        ],
        "298_16.jpg"
    ],
    "299": [
        "1 0",
        [
            "299_0.avi",
            "299_1.avi",
            "299_2.avi",
            "299_3.avi",
            "299_4.avi"
        ],
        "299_23.jpg"
    ],
    "302": [
        "1 1",
        [
            "302_0.avi",
            "302_1.avi",
            "302_2.avi"
        ],
        "302_19.jpg"
    ],
    "303": [
        "1 1",
        [
            "303_0.avi",
            "303_1.avi",
            "303_2.avi",
            "303_3.avi",
            "303_4.avi",
            "303_5.avi",
            "303_6.avi",
            "303_7.avi",
            "303_8.avi",
            "303_9.avi"
        ],
        "303_11.jpg"
    ],
    "304": [
        "1 1",
        [
            "304_0.avi",
            "304_1.avi",
            "304_2.avi",
            "304_3.avi",
            "304_4.avi"
        ],
        "304_4.jpg"
    ],
    "305": [
        "0 1",
        [
            "305_0.avi",
            "305_1.avi",
            "305_2.avi",
            "305_3.avi"
        ],
        "305_22.jpg"
    ],
    "307": [
        "1 1",
        [
            "307_0.avi",
            "307_1.avi",
            "307_2.avi",
            "307_3.avi",
            "307_4.avi"
        ],
        "307_51.jpg"
    ],
    "308": [
        "1 1",
        [
            "308_0.avi",
            "308_1.avi",
            "308_2.avi",
            "308_3.avi"
        ],
        "308_19.jpg"
    ],
    "309": [
        "1 1",
        [
            "309_0.avi",
            "309_1.avi",
            "309_2.avi",
            "309_3.avi",
            "309_4.avi",
            "309_5.avi",
            "309_6.avi",
            "309_7.avi",
            "309_8.avi",
            "309_9.avi"
        ],
        "309_20.jpg"
    ],
    "310": [
        "1 0",
        [
            "310_0.avi",
            "310_1.avi",
            "310_2.avi",
            "310_3.avi",
            "310_4.avi",
            "310_5.avi",
            "310_6.avi",
            "310_7.avi",
            "310_8.avi",
            "310_9.avi"
        ],
        "310_60.jpg"
    ],
    "311": [
        "1 1",
        [
            "311_0.avi",
            "311_1.avi",
            "311_10.avi",
            "311_11.avi",
            "311_12.avi",
            "311_13.avi",
            "311_14.avi",
            "311_2.avi",
            "311_3.avi",
            "311_4.avi",
            "311_5.avi",
            "311_6.avi",
            "311_7.avi",
            "311_8.avi",
            "311_9.avi"
        ],
        "311_28.jpg"
    ],
    "312": [
        "0 0",
        [
            "312_0.avi",
            "312_1.avi",
            "312_2.avi",
            "312_3.avi",
            "312_4.avi",
            "312_5.avi",
            "312_6.avi",
            "312_7.avi",
            "312_8.avi",
            "312_9.avi"
        ],
        "312_16.jpg"
    ],
    "313": [
        "2 2",
        [
            "313_0.avi",
            "313_1.avi",
            "313_2.avi"
        ],
        "313_0.jpg"
    ],
    "314": [
        "1 1",
        [
            "314_0.avi",
            "314_1.avi",
            "314_2.avi",
            "314_3.avi",
            "314_4.avi"
        ],
        "314_11.jpg"
    ]
}